{
  "timestamp": 66.2,
  "vehicle_id": "demo_vehicle",
  "position": [
    122.75136276863817,
    -33.68171029192992,
    1.4
  ],
  "speed_kmh": 86.28,
  "rpm": 2395,
  "gear": 3,
  "inputs": {
    "throttle": 0.44831873421959595,
    "brake": 0.06849992000654051,
    "steering": -3.931194384103717
  },
  "damage": 0.025536726631226855,
  "fuel_pct": 57.33346337080002,
  "engine_running": true,
  "contacts": {
    "source": "damage_sensor",
    "damage_pct": 0.025536726631226855,
    "part_damage": [
      {
        "part": "body",
        "damage": 0.02
      }
    ]
  },
  "damage_detail": {
    "damage": 0.025536726631226855,
    "part_damage": {
      "body": 0.02
    }
  }
}