{
  "timestamp": 53.51,
  "vehicle_id": "demo_vehicle",
  "position": [
    119.64970736566043,
    -36.203619787015946,
    1.4
  ],
  "speed_kmh": 40.35,
  "rpm": 2201,
  "gear": 2,
  "inputs": {
    "throttle": 0.39433101441911544,
    "brake": 0.09855119207077301,
    "steering": 7.396795807726265
  },
  "damage": 0.023282026726804735,
  "fuel_pct": 59.44895213842392,
  "engine_running": true,
  "contacts": {
    "source": "damage_sensor",
    "damage_pct": 0.023282026726804735,
    "part_damage": [
      {
        "part": "body",
        "damage": 0.02
      }
    ]
  },
  "damage_detail": {
    "damage": 0.023282026726804735,
    "part_damage": {
      "body": 0.02
    }
  }
}