{
  "timestamp": 19.99,
  "vehicle_id": "demo_vehicle",
  "position": [
    117.07696746467946,
    -34.61699581931012,
    1.4
  ],
  "speed_kmh": 49.22,
  "rpm": 2392,
  "gear": 3,
  "inputs": {
    "throttle": 0.5086147891565176,
    "brake": 0.050586666801318604,
    "steering": -7.771563828106045
  },
  "damage": 0.024321426014164017,
  "fuel_pct": 65.03514033555984,
  "engine_running": true,
  "contacts": {
    "source": "damage_sensor",
    "damage_pct": 0.024321426014164017,
    "part_damage": [
      {
        "part": "body",
        "damage": 0.02
      }
    ]
  },
  "damage_detail": {
    "damage": 0.024321426014164017,
    "part_damage": {
      "body": 0.02
    }
  }
}