{
  "timestamp": 47.71,
  "vehicle_id": "demo_vehicle",
  "position": [
    118.17206381094996,
    -37.08449370431903,
    1.4
  ],
  "speed_kmh": 84.21,
  "rpm": 2116,
  "gear": 3,
  "inputs": {
    "throttle": 0.5511666650272625,
    "brake": 0.0601587825455599,
    "steering": 1.7496437642092177
  },
  "damage": 0.0202659290971437,
  "fuel_pct": 60.416242241859436,
  "engine_running": true,
  "contacts": {
    "source": "damage_sensor",
    "damage_pct": 0.0202659290971437,
    "part_damage": [
      {
        "part": "body",
        "damage": 0.02
      }
    ]
  },
  "damage_detail": {
    "damage": 0.0202659290971437,
    "part_damage": {
      "body": 0.02
    }
  }
}