{
  "timestamp": 6.24,
  "vehicle_id": "demo_vehicle",
  "position": [
    119.12774259900888,
    -36.54753647409593,
    1.4
  ],
  "speed_kmh": 77.07,
  "rpm": 1613,
  "gear": 3,
  "inputs": {
    "throttle": 0.5978010280562385,
    "brake": 0.06600000206213878,
    "steering": -7.834372070142109
  },
  "damage": 0.028851535460331364,
  "fuel_pct": 64.99207729101181,
  "engine_running": true,
  "contacts": {
    "source": "damage_sensor",
    "damage_pct": 0.028851535460331364,
    "part_damage": [
      {
        "part": "body",
        "damage": 0.02
      }
    ]
  },
  "damage_detail": {
    "damage": 0.028851535460331364,
    "part_damage": {
      "body": 0.02
    }
  }
}