{
  "timestamp": 12.44,
  "vehicle_id": "demo_vehicle",
  "position": [
    118.75703612580712,
    -33.23624426541678,
    1.4
  ],
  "speed_kmh": 64.56,
  "rpm": 1621,
  "gear": 3,
  "inputs": {
    "throttle": 0.5469985450856532,
    "brake": 0.12818529684635446,
    "steering": 6.4335526626315644
  },
  "damage": 0.029766363779043313,
  "fuel_pct": 66.29378885030746,
  "engine_running": true,
  "contacts": {
    "source": "damage_sensor",
    "damage_pct": 0.029766363779043313,
    "part_damage": [
      {
        "part": "body",
        "damage": 0.02
      }
    ]
  },
  "damage_detail": {
    "damage": 0.029766363779043313,
    "part_damage": {
      "body": 0.02
    }
  }
}