{
  "timestamp": 24.12,
  "vehicle_id": "demo_vehicle",
  "position": [
    116.0505587943763,
    -37.08228388775433,
    1.4
  ],
  "speed_kmh": 84.09,
  "rpm": 1673,
  "gear": 3,
  "inputs": {
    "throttle": 0.3554907077650101,
    "brake": 0.055614515037074576,
    "steering": -6.034273594123022
  },
  "damage": 0.02202746805918089,
  "fuel_pct": 62.01257038116455,
  "engine_running": true,
  "contacts": {
    "source": "damage_sensor",
    "damage_pct": 0.02202746805918089,
    "part_damage": [
      {
        "part": "body",
        "damage": 0.02
      }
    ]
  },
  "damage_detail": {
    "damage": 0.02202746805918089,
    "part_damage": {
      "body": 0.02
    }
  }
}