{
  "timestamp": 4.86,
  "vehicle_id": "demo_vehicle",
  "position": [
    119.17510063109746,
    -33.013341128882374,
    1.4
  ],
  "speed_kmh": 78.5,
  "rpm": 1621,
  "gear": 3,
  "inputs": {
    "throttle": 0.5994836347469821,
    "brake": 0.11140822719870971,
    "steering": 7.910978983880835
  },
  "damage": 0.02869256138801732,
  "fuel_pct": 62.85406804084778,
  "engine_running": true,
  "contacts": {
    "source": "damage_sensor",
    "damage_pct": 0.02869256138801732,
    "part_damage": [
      {
        "part": "body",
        "damage": 0.02
      }
    ]
  },
  "damage_detail": {
    "damage": 0.02869256138801732,
    "part_damage": {
      "body": 0.02
    }
  }
}