{
  "timestamp": 5.67,
  "vehicle_id": "demo_vehicle",
  "position": [
    118.62512061149083,
    -33.15299136315502,
    1.4
  ],
  "speed_kmh": 69.73,
  "rpm": 2344,
  "gear": 3,
  "inputs": {
    "throttle": 0.43395216614272936,
    "brake": 0.050113967331259675,
    "steering": 5.610607982235101
  },
  "damage": 0.020069806330576475,
  "fuel_pct": 60.02504402399063,
  "engine_running": true,
  "contacts": {
    "source": "damage_sensor",
    "damage_pct": 0.020069806330576475,
    "part_damage": [
      {
        "part": "body",
        "damage": 0.02
      }
    ]
  },
  "damage_detail": {
    "damage": 0.020069806330576475,
    "part_damage": {
      "body": 0.02
    }
  }
}