{
  "timestamp": 36.49,
  "vehicle_id": "demo_vehicle",
  "position": [
    116.24059272773553,
    -37.34873333743498,
    1.4
  ],
  "speed_kmh": 38.2,
  "rpm": 2347,
  "gear": 2,
  "inputs": {
    "throttle": 0.5181898911070856,
    "brake": 0.05928052396882166,
    "steering": 0.016767457330491026
  },
  "damage": 0.029922412653963296,
  "fuel_pct": 62.28522902727127,
  "engine_running": true,
  "contacts": {
    "source": "damage_sensor",
    "damage_pct": 0.029922412653963296,
    "part_damage": [
      {
        "part": "body",
        "damage": 0.02
      }
    ]
  },
  "damage_detail": {
    "damage": 0.029922412653963296,
    "part_damage": {
      "body": 0.02
    }
  }
}